model,storage_variant,completeness,date,price_usd,source_url
Steam Deck OLED,512GB,Loose,2026-08-11,669.99,https://www.pricecharting.com/game/pc-games/steam-deck-512gb-oled-edition#completed-auctions-loose
Steam Deck OLED,512GB,Loose,2026-08-11,630.00,https://www.pricecharting.com/game/pc-games/steam-deck-512gb-oled-edition#completed-auctions-loose
Steam Deck OLED,512GB,Loose,2026-08-11,749.99,https://www.pricecharting.com/game/pc-games/steam-deck-512gb-oled-edition#completed-auctions-loose
Steam Deck OLED,512GB,Loose,2026-08-11,675.00,https://www.pricecharting.com/game/pc-games/steam-deck-512gb-oled-edition#completed-auctions-loose
Steam Deck OLED,512GB,Loose,2026-08-10,649.99,https://www.pricecharting.com/game/pc-games/steam-deck-512gb-oled-edition#completed-auctions-loose
Steam Deck OLED,512GB,Loose,2026-08-10,650.00,https://www.pricecharting.com/game/pc-games/steam-deck-512gb-oled-edition#completed-auctions-loose
Steam Deck OLED,512GB,Loose,2026-08-10,729.00,https://www.pricecharting.com/game/pc-games/steam-deck-512gb-oled-edition#completed-auctions-loose
Steam Deck OLED,512GB,Loose,2026-08-10,645.00,https://www.pricecharting.com/game/pc-games/steam-deck-512gb-oled-edition#completed-auctions-loose
Steam Deck OLED,512GB,Loose,2026-08-09,600.00,https://www.pricecharting.com/game/pc-games/steam-deck-512gb-oled-edition#completed-auctions-loose
Steam Deck OLED,512GB,Loose,2026-08-09,600.00,https://www.pricecharting.com/game/pc-games/steam-deck-512gb-oled-edition#completed-auctions-loose
Steam Deck OLED,512GB,Loose,2026-08-09,499.99,https://www.pricecharting.com/game/pc-games/steam-deck-512gb-oled-edition#completed-auctions-loose
Steam Deck OLED,512GB,Loose,2026-08-09,500.00,https://www.pricecharting.com/game/pc-games/steam-deck-512gb-oled-edition#completed-auctions-loose
Steam Deck OLED,512GB,Loose,2026-08-08,650.00,https://www.pricecharting.com/game/pc-games/steam-deck-512gb-oled-edition#completed-auctions-loose
Steam Deck OLED,512GB,Loose,2026-08-08,800.00,https://www.pricecharting.com/game/pc-games/steam-deck-512gb-oled-edition#completed-auctions-loose
Steam Deck OLED,512GB,Loose,2026-08-07,650.00,https://www.pricecharting.com/game/pc-games/steam-deck-512gb-oled-edition#completed-auctions-loose
Steam Deck OLED,512GB,Loose,2026-08-07,650.00,https://www.pricecharting.com/game/pc-games/steam-deck-512gb-oled-edition#completed-auctions-loose
Steam Deck OLED,512GB,Loose,2026-08-07,679.00,https://www.pricecharting.com/game/pc-games/steam-deck-512gb-oled-edition#completed-auctions-loose
Steam Deck OLED,512GB,Loose,2026-08-06,640.00,https://www.pricecharting.com/game/pc-games/steam-deck-512gb-oled-edition#completed-auctions-loose
Steam Deck OLED,512GB,Loose,2026-08-05,710.00,https://www.pricecharting.com/game/pc-games/steam-deck-512gb-oled-edition#completed-auctions-loose
Steam Deck OLED,512GB,Loose,2026-08-05,549.00,https://www.pricecharting.com/game/pc-games/steam-deck-512gb-oled-edition#completed-auctions-loose
Steam Deck OLED,512GB,CIB,2026-08-07,675.00,https://www.pricecharting.com/game/pc-games/steam-deck-512gb-oled-edition#completed-auctions-cib
Steam Deck OLED,512GB,CIB,2026-08-06,700.00,https://www.pricecharting.com/game/pc-games/steam-deck-512gb-oled-edition#completed-auctions-cib
Steam Deck OLED,512GB,CIB,2026-08-04,679.97,https://www.pricecharting.com/game/pc-games/steam-deck-512gb-oled-edition#completed-auctions-cib
Steam Deck OLED,512GB,CIB,2026-08-04,724.99,https://www.pricecharting.com/game/pc-games/steam-deck-512gb-oled-edition#completed-auctions-cib
Steam Deck OLED,512GB,CIB,2026-08-01,719.99,https://www.pricecharting.com/game/pc-games/steam-deck-512gb-oled-edition#completed-auctions-cib
Steam Deck OLED,512GB,CIB,2026-07-29,650.00,https://www.pricecharting.com/game/pc-games/steam-deck-512gb-oled-edition#completed-auctions-cib
Steam Deck OLED,512GB,CIB,2026-07-23,680.00,https://www.pricecharting.com/game/pc-games/steam-deck-512gb-oled-edition#completed-auctions-cib
Steam Deck OLED,512GB,CIB,2026-07-17,680.00,https://www.pricecharting.com/game/pc-games/steam-deck-512gb-oled-edition#completed-auctions-cib
Steam Deck OLED,512GB,CIB,2026-07-13,725.00,https://www.pricecharting.com/game/pc-games/steam-deck-512gb-oled-edition#completed-auctions-cib
Steam Deck OLED,512GB,CIB,2026-07-10,750.00,https://www.pricecharting.com/game/pc-games/steam-deck-512gb-oled-edition#completed-auctions-cib
Steam Deck OLED,512GB,CIB,2026-07-06,699.99,https://www.pricecharting.com/game/pc-games/steam-deck-512gb-oled-edition#completed-auctions-cib
Steam Deck OLED,512GB,CIB,2026-07-06,740.00,https://www.pricecharting.com/game/pc-games/steam-deck-512gb-oled-edition#completed-auctions-cib
Steam Deck OLED,512GB,CIB,2026-07-01,670.00,https://www.pricecharting.com/game/pc-games/steam-deck-512gb-oled-edition#completed-auctions-cib
Steam Deck OLED,512GB,CIB,2026-07-01,702.00,https://www.pricecharting.com/game/pc-games/steam-deck-512gb-oled-edition#completed-auctions-cib
Steam Deck OLED,512GB,CIB,2026-06-29,690.00,https://www.pricecharting.com/game/pc-games/steam-deck-512gb-oled-edition#completed-auctions-cib
Steam Deck OLED,512GB,CIB,2026-06-20,675.00,https://www.pricecharting.com/game/pc-games/steam-deck-512gb-oled-edition#completed-auctions-cib
Steam Deck OLED,512GB,CIB,2026-06-13,849.00,https://www.pricecharting.com/game/pc-games/steam-deck-512gb-oled-edition#completed-auctions-cib
Steam Deck OLED,512GB,CIB,2026-06-13,625.00,https://www.pricecharting.com/game/pc-games/steam-deck-512gb-oled-edition#completed-auctions-cib
Steam Deck OLED,512GB,CIB,2026-06-13,799.00,https://www.pricecharting.com/game/pc-games/steam-deck-512gb-oled-edition#completed-auctions-cib
Steam Deck OLED,512GB,CIB,2026-06-09,999.95,https://www.pricecharting.com/game/pc-games/steam-deck-512gb-oled-edition#completed-auctions-cib
Steam Deck OLED,512GB,CIB,2026-06-06,750.00,https://www.pricecharting.com/game/pc-games/steam-deck-512gb-oled-edition#completed-auctions-cib
Steam Deck OLED,512GB,CIB,2026-06-06,699.00,https://www.pricecharting.com/game/pc-games/steam-deck-512gb-oled-edition#completed-auctions-cib
Steam Deck OLED,512GB,CIB,2026-06-05,899.00,https://www.pricecharting.com/game/pc-games/steam-deck-512gb-oled-edition#completed-auctions-cib
Steam Deck OLED,512GB,CIB,2026-06-02,675.00,https://www.pricecharting.com/game/pc-games/steam-deck-512gb-oled-edition#completed-auctions-cib
Steam Deck OLED,512GB,CIB,2026-06-01,720.00,https://www.pricecharting.com/game/pc-games/steam-deck-512gb-oled-edition#completed-auctions-cib
Steam Deck OLED,512GB,CIB,2026-05-31,750.00,https://www.pricecharting.com/game/pc-games/steam-deck-512gb-oled-edition#completed-auctions-cib
Steam Deck OLED,512GB,CIB,2026-05-29,670.00,https://www.pricecharting.com/game/pc-games/steam-deck-512gb-oled-edition#completed-auctions-cib
Steam Deck OLED,512GB,CIB,2026-05-23,715.00,https://www.pricecharting.com/game/pc-games/steam-deck-512gb-oled-edition#completed-auctions-cib
Steam Deck OLED,512GB,CIB,2026-05-22,865.00,https://www.pricecharting.com/game/pc-games/steam-deck-512gb-oled-edition#completed-auctions-cib
Steam Deck OLED,512GB,CIB,2026-05-20,775.00,https://www.pricecharting.com/game/pc-games/steam-deck-512gb-oled-edition#completed-auctions-cib
Steam Deck OLED,1TB,Loose,2026-08-17,724.95,https://www.pricecharting.com/game/pc-games/steam-deck-1tb-oled-edition#completed-auctions-loose
Steam Deck OLED,1TB,Loose,2026-08-17,845.00,https://www.pricecharting.com/game/pc-games/steam-deck-1tb-oled-edition#completed-auctions-loose
Steam Deck OLED,1TB,Loose,2026-08-16,699.00,https://www.pricecharting.com/game/pc-games/steam-deck-1tb-oled-edition#completed-auctions-loose
Steam Deck OLED,1TB,Loose,2026-08-16,699.99,https://www.pricecharting.com/game/pc-games/steam-deck-1tb-oled-edition#completed-auctions-loose
Steam Deck OLED,1TB,Loose,2026-08-16,700.00,https://www.pricecharting.com/game/pc-games/steam-deck-1tb-oled-edition#completed-auctions-loose
Steam Deck OLED,1TB,Loose,2026-08-15,689.99,https://www.pricecharting.com/game/pc-games/steam-deck-1tb-oled-edition#completed-auctions-loose
Steam Deck OLED,1TB,Loose,2026-08-15,699.00,https://www.pricecharting.com/game/pc-games/steam-deck-1tb-oled-edition#completed-auctions-loose
Steam Deck OLED,1TB,Loose,2026-08-15,674.99,https://www.pricecharting.com/game/pc-games/steam-deck-1tb-oled-edition#completed-auctions-loose
Steam Deck OLED,1TB,Loose,2026-08-15,700.00,https://www.pricecharting.com/game/pc-games/steam-deck-1tb-oled-edition#completed-auctions-loose
Steam Deck OLED,1TB,Loose,2026-08-14,680.00,https://www.pricecharting.com/game/pc-games/steam-deck-1tb-oled-edition#completed-auctions-loose
Steam Deck OLED,1TB,Loose,2026-08-13,770.00,https://www.pricecharting.com/game/pc-games/steam-deck-1tb-oled-edition#completed-auctions-loose
Steam Deck OLED,1TB,Loose,2026-08-13,750.00,https://www.pricecharting.com/game/pc-games/steam-deck-1tb-oled-edition#completed-auctions-loose
Steam Deck OLED,1TB,Loose,2026-08-13,690.00,https://www.pricecharting.com/game/pc-games/steam-deck-1tb-oled-edition#completed-auctions-loose
Steam Deck OLED,1TB,Loose,2026-08-13,689.99,https://www.pricecharting.com/game/pc-games/steam-deck-1tb-oled-edition#completed-auctions-loose
Steam Deck OLED,1TB,Loose,2026-08-12,700.00,https://www.pricecharting.com/game/pc-games/steam-deck-1tb-oled-edition#completed-auctions-loose
Steam Deck OLED,1TB,Loose,2026-08-11,735.00,https://www.pricecharting.com/game/pc-games/steam-deck-1tb-oled-edition#completed-auctions-loose
Steam Deck OLED,1TB,Loose,2026-08-11,714.99,https://www.pricecharting.com/game/pc-games/steam-deck-1tb-oled-edition#completed-auctions-loose
Steam Deck OLED,1TB,Loose,2026-08-11,749.99,https://www.pricecharting.com/game/pc-games/steam-deck-1tb-oled-edition#completed-auctions-loose
Steam Deck OLED,1TB,Loose,2026-08-11,699.95,https://www.pricecharting.com/game/pc-games/steam-deck-1tb-oled-edition#completed-auctions-loose
Steam Deck OLED,1TB,Loose,2026-08-11,749.95,https://www.pricecharting.com/game/pc-games/steam-deck-1tb-oled-edition#completed-auctions-loose
Steam Deck OLED,1TB,Loose,2026-08-11,689.99,https://www.pricecharting.com/game/pc-games/steam-deck-1tb-oled-edition#completed-auctions-loose
Steam Deck OLED,1TB,Loose,2026-08-11,686.50,https://www.pricecharting.com/game/pc-games/steam-deck-1tb-oled-edition#completed-auctions-loose
Steam Deck OLED,1TB,Loose,2026-08-10,700.99,https://www.pricecharting.com/game/pc-games/steam-deck-1tb-oled-edition#completed-auctions-loose
Steam Deck OLED,1TB,Loose,2026-08-09,699.00,https://www.pricecharting.com/game/pc-games/steam-deck-1tb-oled-edition#completed-auctions-loose
Steam Deck OLED,1TB,Loose,2026-08-09,719.99,https://www.pricecharting.com/game/pc-games/steam-deck-1tb-oled-edition#completed-auctions-loose
Steam Deck OLED,1TB,Loose,2026-08-09,700.00,https://www.pricecharting.com/game/pc-games/steam-deck-1tb-oled-edition#completed-auctions-loose
Steam Deck OLED,1TB,Loose,2026-08-08,685.00,https://www.pricecharting.com/game/pc-games/steam-deck-1tb-oled-edition#completed-auctions-loose
Steam Deck OLED,1TB,Loose,2026-08-08,675.00,https://www.pricecharting.com/game/pc-games/steam-deck-1tb-oled-edition#completed-auctions-loose
Steam Deck OLED,1TB,Loose,2026-08-08,759.00,https://www.pricecharting.com/game/pc-games/steam-deck-1tb-oled-edition#completed-auctions-loose
Steam Deck OLED,1TB,Loose,2026-08-07,690.00,https://www.pricecharting.com/game/pc-games/steam-deck-1tb-oled-edition#completed-auctions-loose
Steam Deck OLED,1TB,CIB,2026-08-15,700.00,https://www.pricecharting.com/game/pc-games/steam-deck-1tb-oled-edition#completed-auctions-cib
Steam Deck OLED,1TB,CIB,2026-07-30,745.31,https://www.pricecharting.com/game/pc-games/steam-deck-1tb-oled-edition#completed-auctions-cib
Steam Deck OLED,1TB,CIB,2026-07-15,760.00,https://www.pricecharting.com/game/pc-games/steam-deck-1tb-oled-edition#completed-auctions-cib
Steam Deck OLED,1TB,CIB,2026-07-09,850.00,https://www.pricecharting.com/game/pc-games/steam-deck-1tb-oled-edition#completed-auctions-cib
Steam Deck OLED,1TB,CIB,2026-07-06,900.00,https://www.pricecharting.com/game/pc-games/steam-deck-1tb-oled-edition#completed-auctions-cib
Steam Deck OLED,1TB,CIB,2026-07-05,900.00,https://www.pricecharting.com/game/pc-games/steam-deck-1tb-oled-edition#completed-auctions-cib
Steam Deck OLED,1TB,CIB,2026-06-24,749.99,https://www.pricecharting.com/game/pc-games/steam-deck-1tb-oled-edition#completed-auctions-cib
Steam Deck OLED,1TB,CIB,2026-06-23,765.00,https://www.pricecharting.com/game/pc-games/steam-deck-1tb-oled-edition#completed-auctions-cib
Steam Deck OLED,1TB,CIB,2026-06-14,799.95,https://www.pricecharting.com/game/pc-games/steam-deck-1tb-oled-edition#completed-auctions-cib
Steam Deck OLED,1TB,CIB,2026-06-05,1250.00,https://www.pricecharting.com/game/pc-games/steam-deck-1tb-oled-edition#completed-auctions-cib
Steam Deck OLED,1TB,CIB,2026-06-03,720.00,https://www.pricecharting.com/game/pc-games/steam-deck-1tb-oled-edition#completed-auctions-cib
Steam Deck OLED,1TB,CIB,2026-06-01,850.00,https://www.pricecharting.com/game/pc-games/steam-deck-1tb-oled-edition#completed-auctions-cib
Steam Deck OLED,1TB,CIB,2026-05-13,899.00,https://www.pricecharting.com/game/pc-games/steam-deck-1tb-oled-edition#completed-auctions-cib
Steam Deck OLED,1TB,CIB,2026-05-07,700.00,https://www.pricecharting.com/game/pc-games/steam-deck-1tb-oled-edition#completed-auctions-cib
Steam Deck OLED,1TB,CIB,2026-05-05,950.00,https://www.pricecharting.com/game/pc-games/steam-deck-1tb-oled-edition#completed-auctions-cib
Steam Deck OLED,1TB,CIB,2026-05-03,900.00,https://www.pricecharting.com/game/pc-games/steam-deck-1tb-oled-edition#completed-auctions-cib
Steam Deck OLED,1TB,CIB,2026-05-02,800.00,https://www.pricecharting.com/game/pc-games/steam-deck-1tb-oled-edition#completed-auctions-cib
Steam Deck OLED,1TB,CIB,2026-04-24,1299.99,https://www.pricecharting.com/game/pc-games/steam-deck-1tb-oled-edition#completed-auctions-cib
Steam Deck OLED,1TB,CIB,2026-04-20,1799.00,https://www.pricecharting.com/game/pc-games/steam-deck-1tb-oled-edition#completed-auctions-cib
Steam Deck OLED,1TB,CIB,2026-04-20,849.99,https://www.pricecharting.com/game/pc-games/steam-deck-1tb-oled-edition#completed-auctions-cib
Nintendo Switch OLED - Tears of the Kingdom Edition,standard,Loose,2026-08-17,200.00,https://www.pricecharting.com/game/nintendo-switch/nintendo-switch-oled-zelda-tears-of-the-kingdom-edition#completed-auctions-loose
Nintendo Switch OLED - Tears of the Kingdom Edition,standard,Loose,2026-08-15,219.99,https://www.pricecharting.com/game/nintendo-switch/nintendo-switch-oled-zelda-tears-of-the-kingdom-edition#completed-auctions-loose
Nintendo Switch OLED - Tears of the Kingdom Edition,standard,Loose,2026-07-28,200.00,https://www.pricecharting.com/game/nintendo-switch/nintendo-switch-oled-zelda-tears-of-the-kingdom-edition#completed-auctions-loose
Nintendo Switch OLED - Tears of the Kingdom Edition,standard,Loose,2026-07-25,219.99,https://www.pricecharting.com/game/nintendo-switch/nintendo-switch-oled-zelda-tears-of-the-kingdom-edition#completed-auctions-loose
Nintendo Switch OLED - Tears of the Kingdom Edition,standard,Loose,2026-07-21,200.00,https://www.pricecharting.com/game/nintendo-switch/nintendo-switch-oled-zelda-tears-of-the-kingdom-edition#completed-auctions-loose
Nintendo Switch OLED - Tears of the Kingdom Edition,standard,Loose,2026-07-20,247.50,https://www.pricecharting.com/game/nintendo-switch/nintendo-switch-oled-zelda-tears-of-the-kingdom-edition#completed-auctions-loose
Nintendo Switch OLED - Tears of the Kingdom Edition,standard,Loose,2026-07-19,230.00,https://www.pricecharting.com/game/nintendo-switch/nintendo-switch-oled-zelda-tears-of-the-kingdom-edition#completed-auctions-loose
Nintendo Switch OLED - Tears of the Kingdom Edition,standard,Loose,2026-07-18,129.00,https://www.pricecharting.com/game/nintendo-switch/nintendo-switch-oled-zelda-tears-of-the-kingdom-edition#completed-auctions-loose
Nintendo Switch OLED - Tears of the Kingdom Edition,standard,Loose,2026-07-17,294.99,https://www.pricecharting.com/game/nintendo-switch/nintendo-switch-oled-zelda-tears-of-the-kingdom-edition#completed-auctions-loose
Nintendo Switch OLED - Tears of the Kingdom Edition,standard,Loose,2026-07-17,260.00,https://www.pricecharting.com/game/nintendo-switch/nintendo-switch-oled-zelda-tears-of-the-kingdom-edition#completed-auctions-loose
Nintendo Switch OLED - Tears of the Kingdom Edition,standard,Loose,2026-07-16,249.99,https://www.pricecharting.com/game/nintendo-switch/nintendo-switch-oled-zelda-tears-of-the-kingdom-edition#completed-auctions-loose
Nintendo Switch OLED - Tears of the Kingdom Edition,standard,Loose,2026-07-14,218.49,https://www.pricecharting.com/game/nintendo-switch/nintendo-switch-oled-zelda-tears-of-the-kingdom-edition#completed-auctions-loose
Nintendo Switch OLED - Tears of the Kingdom Edition,standard,Loose,2026-07-12,205.00,https://www.pricecharting.com/game/nintendo-switch/nintendo-switch-oled-zelda-tears-of-the-kingdom-edition#completed-auctions-loose
Nintendo Switch OLED - Tears of the Kingdom Edition,standard,Loose,2026-07-12,250.00,https://www.pricecharting.com/game/nintendo-switch/nintendo-switch-oled-zelda-tears-of-the-kingdom-edition#completed-auctions-loose
Nintendo Switch OLED - Tears of the Kingdom Edition,standard,Loose,2026-07-11,205.00,https://www.pricecharting.com/game/nintendo-switch/nintendo-switch-oled-zelda-tears-of-the-kingdom-edition#completed-auctions-loose
Nintendo Switch OLED - Tears of the Kingdom Edition,standard,Loose,2026-07-07,202.00,https://www.pricecharting.com/game/nintendo-switch/nintendo-switch-oled-zelda-tears-of-the-kingdom-edition#completed-auctions-loose
Nintendo Switch OLED - Tears of the Kingdom Edition,standard,Loose,2026-07-07,163.50,https://www.pricecharting.com/game/nintendo-switch/nintendo-switch-oled-zelda-tears-of-the-kingdom-edition#completed-auctions-loose
Nintendo Switch OLED - Tears of the Kingdom Edition,standard,Loose,2026-07-05,235.00,https://www.pricecharting.com/game/nintendo-switch/nintendo-switch-oled-zelda-tears-of-the-kingdom-edition#completed-auctions-loose
Nintendo Switch OLED - Tears of the Kingdom Edition,standard,Loose,2026-07-03,215.00,https://www.pricecharting.com/game/nintendo-switch/nintendo-switch-oled-zelda-tears-of-the-kingdom-edition#completed-auctions-loose
Nintendo Switch OLED - Tears of the Kingdom Edition,standard,Loose,2026-07-02,185.00,https://www.pricecharting.com/game/nintendo-switch/nintendo-switch-oled-zelda-tears-of-the-kingdom-edition#completed-auctions-loose
Nintendo Switch OLED - Tears of the Kingdom Edition,standard,Loose,2026-07-02,232.50,https://www.pricecharting.com/game/nintendo-switch/nintendo-switch-oled-zelda-tears-of-the-kingdom-edition#completed-auctions-loose
Nintendo Switch OLED - Tears of the Kingdom Edition,standard,Loose,2026-06-29,240.00,https://www.pricecharting.com/game/nintendo-switch/nintendo-switch-oled-zelda-tears-of-the-kingdom-edition#completed-auctions-loose
Nintendo Switch OLED - Tears of the Kingdom Edition,standard,Loose,2026-06-29,180.00,https://www.pricecharting.com/game/nintendo-switch/nintendo-switch-oled-zelda-tears-of-the-kingdom-edition#completed-auctions-loose
Nintendo Switch OLED - Tears of the Kingdom Edition,standard,Loose,2026-06-28,222.50,https://www.pricecharting.com/game/nintendo-switch/nintendo-switch-oled-zelda-tears-of-the-kingdom-edition#completed-auctions-loose
Nintendo Switch OLED - Tears of the Kingdom Edition,standard,Loose,2026-06-28,210.00,https://www.pricecharting.com/game/nintendo-switch/nintendo-switch-oled-zelda-tears-of-the-kingdom-edition#completed-auctions-loose
Nintendo Switch OLED - Tears of the Kingdom Edition,standard,Loose,2026-06-27,185.00,https://www.pricecharting.com/game/nintendo-switch/nintendo-switch-oled-zelda-tears-of-the-kingdom-edition#completed-auctions-loose
Nintendo Switch OLED - Tears of the Kingdom Edition,standard,Loose,2026-06-26,250.00,https://www.pricecharting.com/game/nintendo-switch/nintendo-switch-oled-zelda-tears-of-the-kingdom-edition#completed-auctions-loose
Nintendo Switch OLED - Tears of the Kingdom Edition,standard,Loose,2026-06-24,198.50,https://www.pricecharting.com/game/nintendo-switch/nintendo-switch-oled-zelda-tears-of-the-kingdom-edition#completed-auctions-loose
Nintendo Switch OLED - Tears of the Kingdom Edition,standard,Loose,2026-06-24,214.95,https://www.pricecharting.com/game/nintendo-switch/nintendo-switch-oled-zelda-tears-of-the-kingdom-edition#completed-auctions-loose
Nintendo Switch OLED - Tears of the Kingdom Edition,standard,Loose,2026-06-23,200.00,https://www.pricecharting.com/game/nintendo-switch/nintendo-switch-oled-zelda-tears-of-the-kingdom-edition#completed-auctions-loose
Nintendo Switch OLED - Tears of the Kingdom Edition,standard,CIB,2026-07-14,365.00,https://www.pricecharting.com/game/nintendo-switch/nintendo-switch-oled-zelda-tears-of-the-kingdom-edition#completed-auctions-cib
Nintendo Switch OLED - Tears of the Kingdom Edition,standard,CIB,2026-07-10,250.00,https://www.pricecharting.com/game/nintendo-switch/nintendo-switch-oled-zelda-tears-of-the-kingdom-edition#completed-auctions-cib
Nintendo Switch OLED - Tears of the Kingdom Edition,standard,CIB,2026-07-07,275.00,https://www.pricecharting.com/game/nintendo-switch/nintendo-switch-oled-zelda-tears-of-the-kingdom-edition#completed-auctions-cib
Nintendo Switch OLED - Tears of the Kingdom Edition,standard,CIB,2026-07-07,235.00,https://www.pricecharting.com/game/nintendo-switch/nintendo-switch-oled-zelda-tears-of-the-kingdom-edition#completed-auctions-cib
Nintendo Switch OLED - Tears of the Kingdom Edition,standard,CIB,2026-06-28,249.00,https://www.pricecharting.com/game/nintendo-switch/nintendo-switch-oled-zelda-tears-of-the-kingdom-edition#completed-auctions-cib
Nintendo Switch OLED - Tears of the Kingdom Edition,standard,CIB,2026-06-19,230.00,https://www.pricecharting.com/game/nintendo-switch/nintendo-switch-oled-zelda-tears-of-the-kingdom-edition#completed-auctions-cib
Nintendo Switch OLED - Tears of the Kingdom Edition,standard,CIB,2026-06-12,240.00,https://www.pricecharting.com/game/nintendo-switch/nintendo-switch-oled-zelda-tears-of-the-kingdom-edition#completed-auctions-cib
Nintendo Switch OLED - Tears of the Kingdom Edition,standard,CIB,2026-06-11,224.99,https://www.pricecharting.com/game/nintendo-switch/nintendo-switch-oled-zelda-tears-of-the-kingdom-edition#completed-auctions-cib
Nintendo Switch OLED - Tears of the Kingdom Edition,standard,CIB,2026-06-09,240.00,https://www.pricecharting.com/game/nintendo-switch/nintendo-switch-oled-zelda-tears-of-the-kingdom-edition#completed-auctions-cib
Nintendo Switch OLED - Tears of the Kingdom Edition,standard,CIB,2026-06-09,259.99,https://www.pricecharting.com/game/nintendo-switch/nintendo-switch-oled-zelda-tears-of-the-kingdom-edition#completed-auctions-cib
Nintendo Switch OLED - Tears of the Kingdom Edition,standard,CIB,2026-06-08,239.99,https://www.pricecharting.com/game/nintendo-switch/nintendo-switch-oled-zelda-tears-of-the-kingdom-edition#completed-auctions-cib
Nintendo Switch OLED - Tears of the Kingdom Edition,standard,CIB,2026-06-07,270.00,https://www.pricecharting.com/game/nintendo-switch/nintendo-switch-oled-zelda-tears-of-the-kingdom-edition#completed-auctions-cib
Nintendo Switch OLED - Tears of the Kingdom Edition,standard,CIB,2026-06-02,197.99,https://www.pricecharting.com/game/nintendo-switch/nintendo-switch-oled-zelda-tears-of-the-kingdom-edition#completed-auctions-cib
Nintendo Switch OLED - Tears of the Kingdom Edition,standard,CIB,2026-05-26,240.00,https://www.pricecharting.com/game/nintendo-switch/nintendo-switch-oled-zelda-tears-of-the-kingdom-edition#completed-auctions-cib
Nintendo Switch OLED - Tears of the Kingdom Edition,standard,CIB,2026-05-05,290.00,https://www.pricecharting.com/game/nintendo-switch/nintendo-switch-oled-zelda-tears-of-the-kingdom-edition#completed-auctions-cib
New Nintendo 3DS XL - Hyrule Edition,standard,Loose,2026-08-19,385.00,https://www.pricecharting.com/game/nintendo-3ds/new-nintendo-3ds-xl-hyrule-edition#completed-auctions-loose
New Nintendo 3DS XL - Hyrule Edition,standard,Loose,2026-08-11,589.99,https://www.pricecharting.com/game/nintendo-3ds/new-nintendo-3ds-xl-hyrule-edition#completed-auctions-loose
New Nintendo 3DS XL - Hyrule Edition,standard,Loose,2026-08-03,385.00,https://www.pricecharting.com/game/nintendo-3ds/new-nintendo-3ds-xl-hyrule-edition#completed-auctions-loose
New Nintendo 3DS XL - Hyrule Edition,standard,Loose,2026-08-03,475.00,https://www.pricecharting.com/game/nintendo-3ds/new-nintendo-3ds-xl-hyrule-edition#completed-auctions-loose
New Nintendo 3DS XL - Hyrule Edition,standard,Loose,2026-07-28,469.99,https://www.pricecharting.com/game/nintendo-3ds/new-nintendo-3ds-xl-hyrule-edition#completed-auctions-loose
New Nintendo 3DS XL - Hyrule Edition,standard,Loose,2026-07-22,669.99,https://www.pricecharting.com/game/nintendo-3ds/new-nintendo-3ds-xl-hyrule-edition#completed-auctions-loose
New Nintendo 3DS XL - Hyrule Edition,standard,Loose,2026-07-21,650.00,https://www.pricecharting.com/game/nintendo-3ds/new-nintendo-3ds-xl-hyrule-edition#completed-auctions-loose
New Nintendo 3DS XL - Hyrule Edition,standard,Loose,2026-07-20,499.00,https://www.pricecharting.com/game/nintendo-3ds/new-nintendo-3ds-xl-hyrule-edition#completed-auctions-loose
New Nintendo 3DS XL - Hyrule Edition,standard,Loose,2026-07-18,499.99,https://www.pricecharting.com/game/nintendo-3ds/new-nintendo-3ds-xl-hyrule-edition#completed-auctions-loose
New Nintendo 3DS XL - Hyrule Edition,standard,Loose,2026-07-15,315.00,https://www.pricecharting.com/game/nintendo-3ds/new-nintendo-3ds-xl-hyrule-edition#completed-auctions-loose
New Nintendo 3DS XL - Hyrule Edition,standard,Loose,2026-07-13,403.74,https://www.pricecharting.com/game/nintendo-3ds/new-nintendo-3ds-xl-hyrule-edition#completed-auctions-loose
New Nintendo 3DS XL - Hyrule Edition,standard,Loose,2026-07-13,489.90,https://www.pricecharting.com/game/nintendo-3ds/new-nintendo-3ds-xl-hyrule-edition#completed-auctions-loose
New Nintendo 3DS XL - Hyrule Edition,standard,Loose,2026-07-09,493.19,https://www.pricecharting.com/game/nintendo-3ds/new-nintendo-3ds-xl-hyrule-edition#completed-auctions-loose
New Nintendo 3DS XL - Hyrule Edition,standard,Loose,2026-07-09,598.80,https://www.pricecharting.com/game/nintendo-3ds/new-nintendo-3ds-xl-hyrule-edition#completed-auctions-loose
New Nintendo 3DS XL - Hyrule Edition,standard,Loose,2026-07-05,499.99,https://www.pricecharting.com/game/nintendo-3ds/new-nintendo-3ds-xl-hyrule-edition#completed-auctions-loose
New Nintendo 3DS XL - Hyrule Edition,standard,Loose,2026-07-05,700.00,https://www.pricecharting.com/game/nintendo-3ds/new-nintendo-3ds-xl-hyrule-edition#completed-auctions-loose
New Nintendo 3DS XL - Hyrule Edition,standard,Loose,2026-07-02,425.00,https://www.pricecharting.com/game/nintendo-3ds/new-nintendo-3ds-xl-hyrule-edition#completed-auctions-loose
New Nintendo 3DS XL - Hyrule Edition,standard,Loose,2026-07-01,670.00,https://www.pricecharting.com/game/nintendo-3ds/new-nintendo-3ds-xl-hyrule-edition#completed-auctions-loose
New Nintendo 3DS XL - Hyrule Edition,standard,Loose,2026-06-29,409.99,https://www.pricecharting.com/game/nintendo-3ds/new-nintendo-3ds-xl-hyrule-edition#completed-auctions-loose
New Nintendo 3DS XL - Hyrule Edition,standard,Loose,2026-06-28,600.00,https://www.pricecharting.com/game/nintendo-3ds/new-nintendo-3ds-xl-hyrule-edition#completed-auctions-loose
New Nintendo 3DS XL - Hyrule Edition,standard,Loose,2026-06-25,489.90,https://www.pricecharting.com/game/nintendo-3ds/new-nintendo-3ds-xl-hyrule-edition#completed-auctions-loose
New Nintendo 3DS XL - Hyrule Edition,standard,Loose,2026-06-23,525.00,https://www.pricecharting.com/game/nintendo-3ds/new-nintendo-3ds-xl-hyrule-edition#completed-auctions-loose
New Nintendo 3DS XL - Hyrule Edition,standard,Loose,2026-06-22,614.99,https://www.pricecharting.com/game/nintendo-3ds/new-nintendo-3ds-xl-hyrule-edition#completed-auctions-loose
New Nintendo 3DS XL - Hyrule Edition,standard,Loose,2026-06-12,659.99,https://www.pricecharting.com/game/nintendo-3ds/new-nintendo-3ds-xl-hyrule-edition#completed-auctions-loose
New Nintendo 3DS XL - Hyrule Edition,standard,Loose,2026-06-01,600.00,https://www.pricecharting.com/game/nintendo-3ds/new-nintendo-3ds-xl-hyrule-edition#completed-auctions-loose
New Nintendo 3DS XL - Hyrule Edition,standard,Loose,2026-05-18,899.99,https://www.pricecharting.com/game/nintendo-3ds/new-nintendo-3ds-xl-hyrule-edition#completed-auctions-loose
New Nintendo 3DS XL - Hyrule Edition,standard,Loose,2026-05-09,550.00,https://www.pricecharting.com/game/nintendo-3ds/new-nintendo-3ds-xl-hyrule-edition#completed-auctions-loose
New Nintendo 3DS XL - Hyrule Edition,standard,Loose,2026-05-03,409.99,https://www.pricecharting.com/game/nintendo-3ds/new-nintendo-3ds-xl-hyrule-edition#completed-auctions-loose
New Nintendo 3DS XL - Hyrule Edition,standard,Loose,2026-04-26,499.99,https://www.pricecharting.com/game/nintendo-3ds/new-nintendo-3ds-xl-hyrule-edition#completed-auctions-loose
New Nintendo 3DS XL - Hyrule Edition,standard,Loose,2026-04-25,495.00,https://www.pricecharting.com/game/nintendo-3ds/new-nintendo-3ds-xl-hyrule-edition#completed-auctions-loose
New Nintendo 3DS XL - Hyrule Edition,standard,CIB,2026-08-13,749.99,https://www.pricecharting.com/game/nintendo-3ds/new-nintendo-3ds-xl-hyrule-edition#completed-auctions-cib
New Nintendo 3DS XL - Hyrule Edition,standard,CIB,2026-08-04,850.00,https://www.pricecharting.com/game/nintendo-3ds/new-nintendo-3ds-xl-hyrule-edition#completed-auctions-cib
New Nintendo 3DS XL - Hyrule Edition,standard,CIB,2026-08-02,875.00,https://www.pricecharting.com/game/nintendo-3ds/new-nintendo-3ds-xl-hyrule-edition#completed-auctions-cib
New Nintendo 3DS XL - Hyrule Edition,standard,CIB,2026-07-31,677.56,https://www.pricecharting.com/game/nintendo-3ds/new-nintendo-3ds-xl-hyrule-edition#completed-auctions-cib
New Nintendo 3DS XL - Hyrule Edition,standard,CIB,2026-07-31,975.00,https://www.pricecharting.com/game/nintendo-3ds/new-nintendo-3ds-xl-hyrule-edition#completed-auctions-cib
New Nintendo 3DS XL - Hyrule Edition,standard,CIB,2026-07-27,899.00,https://www.pricecharting.com/game/nintendo-3ds/new-nintendo-3ds-xl-hyrule-edition#completed-auctions-cib
New Nintendo 3DS XL - Hyrule Edition,standard,CIB,2026-07-24,749.95,https://www.pricecharting.com/game/nintendo-3ds/new-nintendo-3ds-xl-hyrule-edition#completed-auctions-cib
New Nintendo 3DS XL - Hyrule Edition,standard,CIB,2026-07-16,650.00,https://www.pricecharting.com/game/nintendo-3ds/new-nintendo-3ds-xl-hyrule-edition#completed-auctions-cib
New Nintendo 3DS XL - Hyrule Edition,standard,CIB,2026-07-14,755.99,https://www.pricecharting.com/game/nintendo-3ds/new-nintendo-3ds-xl-hyrule-edition#completed-auctions-cib
New Nintendo 3DS XL - Hyrule Edition,standard,CIB,2026-07-11,899.99,https://www.pricecharting.com/game/nintendo-3ds/new-nintendo-3ds-xl-hyrule-edition#completed-auctions-cib
